TYPE,ISTITLE,TOPIC
1,1,"Positives of Advertising"
1,0,"Advertising plays a crucial role in modern business."
1,0,"It enables companies to inform customers about their products and services."
1,0,"Advertisements make consumers aware of the variety of choices available to them."
1,0,"The advertising industry provides employment opportunities for many people."
1,0,"Advertising can be considered a creative form of modern art."
1,1,"Negatives of Advertising"
1,0,"Advertising is often manipulative and persuasive."
1,0,"It encourages people to believe that purchasing products will lead to happiness."
1,0,"Advertisers focus on promoting brand image rather than product quality."
1,0,"They often use glamorous or successful individuals to influence consumers."
1,0,"Modern advertising fosters a consumer culture, promoting trends and materialism."
1,0,"Brands are associated with status, pressuring people to conform."
1,0,"Advertisements targeted at children can be particularly harmful, as children are easily influenced."
1,0,"Children may pressure their parents to buy unnecessary items."
1,1,"Opinions about Advertising"
1,0,"Advertising should be carefully regulated to protect consumers."
1,0,"Advertisements aimed at children should be restricted or banned."
1,0,"Unhealthy foods should not be marketed in ways that appeal to children."
1,0,"Products with potential health risks should include clear warnings."
1,0,"Many countries have banned cigarette advertising on television and require warning labels on packaging."
1,0,"However, advertising is essential in free-market economies to create product demand."
1,0,"Governments should only censor false claims or advertisements promoting harmful products."
2,1,"Arguments for Animal Testing"
2,0,"Animal testing is essential for scientific and medical research."
2,0,"It is necessary to test new drugs to ensure their safety and efficacy."
2,0,"Many medical breakthroughs have been achieved through experimentation on animals."
2,0,"Researchers strive to minimize the suffering experienced by test animals."
2,0,"In many countries, testing for cosmetic purposes has been banned."
2,1,"Arguments against Animal Testing"
2,0,"The suffering inflicted on animals cannot be justified by the potential benefits."
2,0,"Alternative research methods, such as computer simulations, are available."
2,0,"Animals have a right to live without suffering caused by humans."
2,0,"Experimenting on animals raises significant ethical concerns."
2,1,"Arguments for Vegetarianism"
2,0,"Vegetarians avoid foods that involve the killing of animals."
2,0,"Many people adopt vegetarian diets for ethical or health-related reasons."
2,0,"A balanced and healthy diet is achievable without the consumption of meat."
2,0,"It is unnecessary to take animal lives for sustenance."
2,0,"A vegetarian diet may lower the risk of diseases such as cancer."
2,0,"Concerns about the treatment of animals in factory farms influence many to choose vegetarianism."
2,1,"Arguments against Vegetarianism"
2,0,"Some argue that vegetarian diets are not nutritionally balanced."
2,0,"In many cultures, meat is a central component of traditional meals."
2,0,"Meat-eaters believe that humans, being higher in the food chain, naturally eat animals."
2,0,"Improving farming practices, such as adopting organic methods, is a better alternative."
2,1,"Positives of Zoos"
2,0,"Zoos contribute significantly to wildlife conservation efforts."
2,0,"They play a role in protecting endangered species from extinction."
2,0,"Zoos provide opportunities for scientists to study animal behavior and biology."
2,0,"They offer an educational and entertaining experience, particularly for children."
2,0,"Zoos create employment opportunities within local communities."
2,1,"Negatives of Zoos"
2,0,"Animals in zoos are kept in artificial environments, often in cages or confined spaces."
2,0,"Captive animals lose the freedom to hunt and exhibit natural behaviors."
2,0,"Conservation efforts are better focused on protecting animals’ natural habitats."
2,0,"Some argue that zoos are unethical as they exploit animals for profit and entertainment."
2,0,"Humans have no moral right to use animals in this way."
3,1,"Reasons for Urbanisation"
3,0,"Urbanization is driven by people seeking job opportunities and higher living standards."
3,0,"Cities offer more diverse employment options compared to rural areas."
3,0,"Migration from the countryside occurs as traditional jobs like farming require fewer workers due to modernization."
3,1,"Negatives of City Life"
3,0,"Urban living is often associated with a higher cost of living."
3,0,"Many people struggle to find employment in competitive city environments."
3,0,"Housing is typically more expensive, leading to issues like homelessness and poverty."
3,0,"Cities face challenges such as traffic congestion, crime, and a lack of close-knit communities."
3,0,"Urban environments are often described as “concrete jungles,” which can be stressful and isolating."
3,1,"Pedestrian Areas"
3,0,"Pedestrian zones in city centers improve environmental quality."
3,0,"Restricting cars encourages walking and cycling, promoting healthier lifestyles."
3,0,"Bicycle lanes in many cities make cycling safer and more appealing."
3,0,"Reducing car dependency helps address health issues like obesity."
3,0,"Pedestrian-friendly areas are safer and more attractive for residents and tourists alike."
4,1,"Police and Crime Prevention"
4,0,"The primary role of the police is to catch criminals and prevent crime."
4,0,"Increasing the number of police officers on the streets can enhance public safety."
4,0,"Police officers should integrate into communities and focus on education and prevention."
4,0,"Collaboration with schools is essential, particularly for engaging at-risk youth."
4,1,"Punishments / Prisons"
4,0,"Minor crimes are typically punished with fines, while serious crimes result in imprisonment."
4,0,"Prisons ensure public safety by isolating individuals who pose a threat."
4,1,"Negatives of Prisons"
4,0,"Prisons often bring offenders together, allowing them to influence each other negatively."
4,0,"Many prisoners re-offend after their release."
4,0,"A criminal record makes it challenging for former prisoners to secure employment."
4,1,"Rehabilitation"
4,0,"Rehabilitation is an important goal of imprisonment."
4,0,"Prisoners can access educational and vocational training to prepare for reintegration into society."
4,0,"Rehabilitation focuses on teaching personal and job-related skills."
4,0,"It aims to reduce re-offending by turning prisoners into responsible citizens."
4,1,"Capital Punishment"
4,0,"Supporters argue that capital punishment deters crime by instilling fear."
4,0,"It demonstrates that society does not tolerate severe crimes."
4,0,"The death penalty eliminates the risk of re-offending and avoids the cost of lifelong imprisonment."
4,0,"However, critics see it as an act of revenge rather than justice."
4,1,"Against Capital Punishment"
4,0,"Innocent individuals may be wrongly convicted and executed."
4,0,"Capital punishment does not necessarily reduce crime rates."
4,0,"Many criminals act without considering the likelihood of getting caught."
4,0,"The death penalty is not an effective deterrent to crime."
4,0,"Executing prisoners fosters a culture of violence and promotes a cycle of revenge."
4,0,"Society has no moral right to take another human life."
4,1,"Community Service"
4,0,"Community service serves as a means to reform offenders."
4,0,"It can be an effective solution to the issue of prison overcrowding."
4,0,"Community service eliminates the financial burden of imprisonment."
4,0,"Offenders contribute positively to their local communities."
4,0,"They may perform tasks such as cleaning streets or speaking to school groups."
4,0,"Offenders repay their community through constructive actions."
4,0,"Community service allows offenders to avoid the negative influences of prison."
4,1,"Against Community Service"
4,0,"Community service is not a severe enough punishment for serious crimes."
4,0,"Criminals should be imprisoned to protect their victims and society."
4,1,"Crime in the Media"
4,0,"Crime is one of the most frequently reported topics in news programs."
4,0,"The media tend to focus on violent and sensational crimes."
4,0,"This coverage creates unnecessary fear of crime among the public."
4,0,"Sensational stories are used to attract more viewers or readers."
4,0,"Media outlets report crime primarily to boost their audience or readership."
5,1,"Benefits of Education"
5,0,"Education equips individuals with essential knowledge and skills."
5,0,"People with formal qualifications are more likely to secure employment."
5,0,"Higher education can lead to better earning potential."
5,0,"Educated individuals can contribute positively to society."
5,0,"Schools help instill moral values such as tolerance and cooperation."
5,0,"Education prepares young people to become responsible members of society."
5,1,"Benefits of Studying Abroad"
5,0,"Foreign institutions may provide superior educational programs."
5,0,"Many students aspire to study at prestigious universities."
5,0,"Leading universities employ highly qualified experts in their fields."
5,0,"International qualifications can open doors to better career opportunities."
5,0,"Living abroad expands students' perspectives and experiences."
5,0,"Overseas students gain exposure to different cultures and traditions."
5,0,"Studying abroad fosters independence and self-reliance."
5,0,"Students learn to manage tasks such as cooking, cleaning, and budgeting."
5,0,"Living in a foreign country provides the opportunity to learn a new language."
5,1,"Drawbacks of Studying Abroad"
5,0,"Adapting to life and education in a foreign country can be challenging."
5,0,"Students often face difficulties with administrative tasks, such as visa applications."
5,0,"Education in Developing Countries: Problems"
5,0,"Many children are required to work from a young age, limiting their access to education."
5,0,"Numerous areas lack adequate school facilities."
5,0,"Families often have limited access to educational materials like books or computers."
5,0,"Literacy rates remain low in many developing nations."
5,0,"Knowledge and skills are essential for the progress of developing countries."
5,0,"Education plays a critical role in driving economic growth in these regions."
5,1,"Education in Developing Countries: Solutions"
5,0,"Developed nations could support developing countries by providing financial aid."
5,0,"Investments in schools and educational technology could significantly improve access to education."
5,0,"Funding could be used to construct schools and pay for qualified teachers."
5,0,"Free schooling should be made available to all children."
5,0,"Donating computer equipment could enhance access to modern learning resources."
5,0,"The Internet can provide students with a wealth of knowledge and information."
5,0,"Governments should enforce compulsory education for all children."
5,0,"Parents should be encouraged to prioritize their children's education."
5,0,"Collaboration between governments of developed and developing countries is essential."
5,1,"Higher Education: Advantages"
5,0,"Attending university offers numerous benefits for individuals and society."
5,0,"Earning a degree can lead to better employment opportunities."
5,0,"Knowledge-based economies require a highly educated workforce."
5,0,"Many jobs demand specialized knowledge and skills."
5,0,"Skilled professionals are essential for industries like information technology and engineering."
5,0,"Technological advancements have replaced repetitive manual jobs with automated systems."
5,0,"Many manufacturing jobs have shifted to developing countries."
5,1,"Higher Education: Disadvantages"
5,0,"A balanced economy requires a variety of professions, including manual labor."
5,0,"Some industries do not require a university degree, focusing more on practical training."
5,0,"Many service professions can be successfully pursued without higher education."
5,1,"Advantages of Home-Schooling"
5,0,"Some parents choose to educate their children at home for various reasons."
5,0,"Families in remote areas with limited transport options may find home-schooling practical."
5,0,"Dissatisfaction with local schools motivates some parents to teach at home."
5,0,"Home-schooling allows parents to tailor education to their child's needs and learning style."
5,0,"One-to-one lessons can lead to faster academic progress."
5,0,"Children can learn at their own pace in a home-schooling environment."
5,0,"Discipline issues commonly found in schools are avoided."
5,1,"Disadvantages of Home-Schooling"
5,0,"Most parents lack the time to provide a full education at home."
5,0,"One parent may need to leave their job to commit to home-schooling."
5,0,"School subjects are typically taught by a variety of specialized teachers."
5,0,"Parents often do not have the expertise or resources required for effective teaching."
5,0,"Hiring private tutors can be prohibitively expensive."
5,0,"Home-schooled children may miss out on the social interactions offered by school."
5,0,"Schools help children develop essential social skills and teamwork abilities."
5,0,"The overall educational experience provided by schools is typically more comprehensive."
5,1,"Bad Behaviour in Schools: Causes"
5,0,"Poor behaviour often stems from a lack of structure and discipline in schools."
5,0,"Overcrowded classrooms can be difficult for teachers to manage effectively."
5,0,"Students from unstable family backgrounds are more likely to behave disruptively."
5,0,"Some parents are overly lenient and fail to set boundaries for their children."
5,0,"Children who are spoiled may expect to get their way in all circumstances."
5,0,"Schools struggle to address behaviour issues without adequate parental support."
5,1,"Bad Behaviour in Schools: Solutions"
5,0,"Schools should establish a clear code of conduct to guide student behaviour."
5,0,"Rules and expectations must be well-defined and consistently enforced."
5,0,"A positive and focused learning environment should be created."
5,0,"Teachers should have the authority to discipline disruptive students."
5,0,"Troublesome students may need to be removed from lessons temporarily."
5,0,"Collaboration between schools and parents is vital for addressing behavioural issues."
5,0,"Parents must support school policies and take responsibility for their children's actions."
5,1,"Corporal Punishment: Opinion"
5,0,"Corporal punishment is an outdated and ineffective disciplinary method."
5,0,"Physical punishment relies on fear rather than fostering understanding or trust."
5,0,"This approach damages the relationship between adults and children."
5,0,"Children subjected to physical punishment may develop feelings of resentment or low self-esteem."
5,0,"Corporal punishment creates a negative atmosphere of fear and hostility."
5,1,"Single-Sex Education: Advantages"
5,0,"Some argue that boys and girls should attend separate schools for cultural or religious reasons."
5,0,"Separating boys and girls may reduce discipline problems in the classroom."
5,0,"Male and female students often have different learning styles and educational needs."
5,0,"Students in single-sex schools often achieve higher academic results."
5,1,"Single-Sex Education: Disadvantages"
5,0,"Separating boys and girls is unnecessary in most educational contexts."
5,0,"Single-sex education may hinder children's social development."
5,0,"Many coeducational schools achieve excellent academic and social outcomes."
5,0,"Mixed-gender environments better reflect real-life situations."
5,0,"Coeducational schools help students develop social skills essential for adulthood."
5,1,"Advantages of Streaming (Grouping Children According to Ability)"
5,0,"Streaming allows students to be grouped based on their academic abilities."
5,0,"Teachers can tailor lessons to the specific needs of each group."
5,0,"High-achieving students may progress more quickly in advanced groups."
5,0,"Students in lower-level groups benefit from lessons delivered at a slower pace."
5,0,"Streaming is supported by some teachers and parents due to its targeted approach."
5,1,"Disadvantages of Streaming"
5,0,"Grouping students by ability may negatively affect their emotional well-being."
5,0,"Being placed in lower groups can harm children’s self-esteem."
5,0,"Students in lower groups may lose motivation to excel."
5,0,"Children from wealthier families are often better prepared academically."
5,0,"Students from poorer backgrounds may lack parental support for their education."
5,0,"Mixed-ability classes can inspire all students to reach their full potential."
6,1,"Global Warming"
6,0,"Greenhouse gases, such as carbon dioxide, trap heat from the sun."
6,0,"This leads to an increase in global temperatures, known as the greenhouse effect."
6,0,"Human activities are a major contributor to rising greenhouse gas levels."
6,0,"Factories and vehicles emit harmful gases into the atmosphere."
6,0,"The industrialization of developing nations is increasing emissions."
6,0,"The growing number of cars and the affordability of air travel exacerbate the problem."
6,1,"Effects of Global Warming"
6,0,"Global warming is expected to have severe consequences for the planet."
6,0,"Rising temperatures will cause polar ice caps to melt, leading to higher sea levels."
6,0,"Extreme weather events, such as floods and droughts, are likely to become more frequent."
6,1,"Impact of Humans on the Environment"
6,0,"The growing global population is depleting natural resources."
6,0,"Fossil fuels such as oil and gas are being consumed at unsustainable rates."
6,0,"Human activity has resulted in the destruction of wildlife habitats."
6,0,"Large-scale deforestation, particularly of rainforests, has caused the extinction of numerous species."
6,1,"Solutions to Environmental Problems"
6,0,"Governments could implement laws to regulate factory emissions."
6,0,"Investment in renewable energy sources, such as solar, wind, and water power, is essential."
6,0,"“Green taxes” could be imposed on drivers and airline companies to discourage pollution."
6,0,"Public campaigns should encourage recycling and environmentally friendly practices."
6,0,"Protected areas and endangered species must be preserved."
6,0,"Individuals can contribute by making eco-friendly choices, such as reducing flights, using public transport, and recycling."
6,1,"Waste / Rubbish"
6,0,"The amount of waste produced globally has increased significantly."
6,0,"This issue stems from a consumer culture where products are often discarded rather than repaired."
6,0,"Manufacturers encourage frequent purchases by designing products with limited durability."
6,0,"The heavy use of non-biodegradable plastic packaging contributes to the waste problem."
6,0,"Household waste continues to grow, with much of it ending up in landfill sites."
6,1,"Litter"
6,0,"Many people fail to consider the environmental consequences of littering."
6,0,"There is a common assumption that street cleaning is someone else’s responsibility."
6,0,"Plastic packaging, which does not decompose easily, is a major component of litter."
6,0,"Fast food packaging is one of the most common types of litter found on streets."
6,1,"Recycling and Other Solutions"
6,0,"Manufacturers should produce durable goods and reduce unnecessary packaging."
6,0,"Governments should enforce stricter regulations on corporate waste management."
6,0,"Consumers can avoid over-packaged products and prioritize recycling."
6,0,"Recycling centers for materials like glass, paper, and plastic should be widely available."
6,0,"Households can separate waste into different bins to facilitate recycling."
6,1,"Nuclear Power: Positives"
6,0,"Nuclear power offers a sustainable alternative to fossil fuels, which are depleting rapidly."
6,0,"It provides a reliable source of electricity without consuming natural resources such as coal or gas."
6,0,"Nuclear power plants produce fewer carbon emissions compared to traditional power stations."
6,0,"Advances in technology have reduced the risks associated with nuclear power."
6,1,"Nuclear Power: Negatives"
6,0,"Many people are concerned about the safety of nuclear power stations."
6,0,"The construction of new nuclear facilities is often met with public opposition."
6,0,"Radioactive waste disposal remains a significant challenge, as it cannot be safely decontaminated."
6,0,"There is a risk that radioactive materials could be accessed by terrorists."
6,0,"Renewable energy sources, such as solar, wind, and water power, are safer alternatives."
7,1,"Family Size"
7,0,"Families today are generally smaller than in the past."
7,0,"Nuclear families have replaced large extended families in many countries."
7,0,"The high cost of raising children is a common reason for smaller family sizes."
7,0,"With both parents often working, raising a large family has become more challenging."
7,1,"Working Parents"
7,0,"Modern families often experience less closeness due to parents’ busy schedules."
7,0,"Both parents frequently work full-time, leaving less time for family interactions."
7,0,"Children are sometimes left in the care of nannies or babysitters."
7,0,"Family members often do not eat meals together as they did in the past."
7,0,"Children spend more time with peers or online rather than with their parents."
7,1,"Negative Effects on Children"
7,0,"The lack of parental involvement can negatively influence children’s development."
7,0,"Parents may be unaware of how their children spend their time."
7,0,"External influences, such as friends, television, and the Internet, shape children’s behavior."
7,0,"Peer pressure can lead teenagers to engage in harmful activities, such as joining gangs."
7,0,"Juvenile delinquency is becoming more prevalent."
7,0,"Parents should take an active role in their children’s upbringing and provide positive role models."
7,1,"Divorce"
7,0,"In the past, divorce was seen as unacceptable and a source of embarrassment for families."
7,0,"Many couples stayed together for religious or societal reasons."
7,0,"Nowadays, divorce has become more socially acceptable and increasingly common."
7,0,"However, divorce can be highly stressful and financially challenging, especially for lone parents."
7,0,"Single parents often rely on state benefits to support their families."
7,0,"Divorce can negatively affect children, leading to lower academic performance or school dropout."
7,0,"The rise in divorce rates may contribute to various social problems."
7,1,"Care for Old People"
7,0,"Traditionally, caring for elderly relatives was the responsibility of families."
7,0,"Adult children, particularly women, were expected to look after their aging parents."
7,0,"Today, fewer elderly individuals are cared for at home, as families are smaller and women often work full-time."
7,0,"Residential care homes provide professional services for older people."
7,0,"Trained nurses in care homes may offer better care than family members."
7,1,"Care for Old People: Opinion"
7,0,"The ideal care arrangement for the elderly depends on the family’s resources and circumstances."
7,0,"Family members have a moral responsibility to ensure the well-being of older relatives."
7,0,"Governments should allocate funds to improve facilities and train care workers."
8,1,"Gender and Education"
8,0,"Men and women should have equal access to educational opportunities."
8,0,"Students should be admitted to courses based on their abilities rather than their gender."
8,0,"Discrimination in education on the basis of gender is unfair and outdated."
8,0,"Educational success should depend on individual effort and merit, not on gender."
8,1,"Gender and Work"
8,0,"Men and women should have equal access to professional opportunities and fair salaries."
8,0,"Employment should be based on qualifications, abilities, and experience rather than gender."
8,0,"Traditionally, women were confined to roles such as secretaries or receptionists."
8,0,"Today, both men and women can pursue careers in a wide range of fields."
8,0,"Career success is increasingly determined by individual merit."
8,1,"Women’s and Men’s Role in the Family"
8,0,"Some people believe mothers should focus on raising children while fathers should provide financial support."
8,0,"Others argue that both parents should share domestic and childcare responsibilities equally."
8,0,"Increasingly, mothers continue working after maternity leave, and fathers contribute to household tasks."
8,0,"Paternity leave and the concept of “househusbands” are becoming more common."
8,0,"Traditional gender roles are gradually evolving, allowing families to divide responsibilities in the most practical way."
9,1,"Positives of Genetic Engineering"
9,0,"Genetic engineering allows scientists to produce crops resistant to pests and diseases."
9,0,"It can be used to create faster-growing plants and develop life-saving drugs and vaccines."
9,0,"Genetic engineering holds the potential to cure inherited diseases, eradicating them entirely."
9,0,"Human genes could be altered before birth, and organs could be cloned for medical purposes."
9,0,"Advances in genetic engineering could lead to healthier, longer lives."
9,1,"Negatives of Genetic Engineering"
9,0,"The manipulation of human genes raises serious ethical concerns."
9,0,"Parents could select their children’s traits, which many consider unnatural and morally wrong."
9,0,"Cloned humans might be exploited for labor or organ replacement."
9,0,"The practice could fundamentally alter society and disrupt human evolution."
9,0,"Currently, human genetic engineering is prohibited in most countries."
9,1,"Genetically-Modified (GM) Foods: Advantages"
9,0,"GM crops can grow larger and faster, increasing food production."
9,0,"They are more resistant to diseases and pests, which is crucial in developing countries."
9,0,"Faster-growing plants can generate higher profits for farmers."
9,0,"GM foods can be made more visually appealing, attracting customers."
9,1,"Genetically-Modified (GM) Foods: Disadvantages"
9,0,"Genetic modification of crops may carry unknown risks."
9,0,"GM crops could disrupt ecosystems and harm food chains."
9,0,"Organic farming, although slower and more expensive, avoids the use of chemicals and genetic modification, benefiting the environment."
10,1,"Problems in Developing Countries"
10,0,"Developing countries often face poor healthcare, low education standards, and inadequate infrastructure."
10,0,"Life expectancy is generally lower compared to developed nations."
10,0,"Poverty, poor housing, and unemployment are widespread."
10,0,"Many people lack access to basic necessities like food, clean water, and medicines."
10,1,"How to Help Developing Countries"
10,0,"Development aid is the most effective way to support developing nations."
10,0,"Wealthier countries can invest in long-term projects, such as building houses and schools."
10,0,"Globalization can create job opportunities in developing countries through multinational companies."
10,0,"Remittances from emigrants working in richer countries contribute to improving living standards back home."
10,1,"Immigration"
10,0,"Many people migrate to other countries in search of better living conditions."
10,0,"Immigrants often come from developing nations to seek employment opportunities in industrialized countries."
10,0,"Some migrate for free healthcare or education, while others aim to improve their academic qualifications."
10,1,"Positives of Immigration and Multi-Cultural Societies"
10,0,"Immigration can have significant economic benefits for a country."
10,0,"Immigrants often possess valuable skills that are in demand in their new country."
10,0,"Immigrants contribute to the economy by working and paying taxes."
10,0,"Many immigrants send remittances to support their families in their home countries."
10,0,"Immigration fosters cultural diversity, enabling people of different nationalities to live together."
10,0,"Exposure to multiple cultures can promote tolerance and open-mindedness."
10,1,"Negatives of Immigration"
10,0,"Some argue that immigrants take jobs that could otherwise go to local workers."
10,0,"Immigrant workers may agree to work for lower wages and longer hours, leading to potential exploitation."
10,0,"Companies may prioritize hiring immigrants, which could increase unemployment among local populations."
10,1,"Opinions about Immigration"
10,0,"Immigration can strengthen a country’s economy and enrich its culture."
10,0,"However, immigration must be managed and controlled to avoid social and economic issues."
10,0,"Governments should require work permits or visas for immigrants."
10,0,"Regulations should ensure fair treatment, including equal pay and working conditions for immigrant and local workers."
10,1,"Positives of Globalisation"
10,0,"Globalisation has made business increasingly international, with multinational companies operating worldwide."
10,0,"It enables goods to be produced in one country and sold globally."
10,0,"A global economy encourages free trade, fostering stronger political relationships."
10,0,"Globalisation creates jobs and investment opportunities in developing countries, which may help to reduce poverty."
10,1,"Negatives of Globalisation"
10,0,"Globalisation can lead to companies relocating to countries with cheaper labor, causing job losses elsewhere."
10,0,"Workers may face job insecurity and exploitation in developing countries."
10,0,"Increased global trade generates more waste and pollution, harming the environment."
10,1,"The Future of Globalisation"
10,0,"International regulations should be established to ensure fair salaries and working conditions."
10,0,"Governments must enforce environmental laws to protect the planet from the negative effects of global trade."
11,1,"What Governments Can Do"
11,0,"Governments are responsible for providing essential public services, such as education, healthcare, and social support."
11,0,"They raise money through taxation to fund projects, resources, and public campaigns."
11,0,"Governments can introduce laws and taxes to influence public behavior and address issues like climate change or public health."
11,0,"They regulate industries to ensure fair practices and provide resources for schools, police, and the military."
11,1,"Public Services"
11,0,"Governments fund public sector workers, such as teachers and police officers, through taxes."
11,0,"Many countries offer free healthcare and education as part of public services."
11,0,"In some countries, essential services like transport and media are privately managed, which may improve quality and reduce costs through competition."
11,0,"Others believe that essential services should remain free and government-funded to ensure universal access."
11,1,"Censorship: Opinion"
11,0,"Some level of censorship is necessary to protect vulnerable groups, particularly children, from harmful content."
11,0,"Violent computer games and inappropriate websites should be limited or restricted by age."
11,0,"Parents should monitor their children’s media consumption, as it is impossible for governments to control everything."
11,1,"Video Cameras in Public Places"
11,0,"The widespread use of CCTV can deter crime and improve public safety."
11,0,"However, many people worry that surveillance infringes on their privacy."
11,0,"Authorities could misuse this data by creating databases of personal identities."
11,0,"Citizens should not feel as though they are being treated like criminals."
11,1,"Smart Cards: Positives"
11,0,"Digital identification cards could help reduce crime by securely storing personal information, such as DNA or fingerprints."
11,0,"Stolen cards would be harder for criminals to use, and the police could identify offenders more easily."
11,1,"Smart Cards: Negatives"
11,0,"Privacy concerns arise from governments potentially storing extensive personal and medical information."
11,0,"This data could be misused by insurance companies or employers to discriminate against individuals."
11,1,"People with Disabilities"
11,0,"People with disabilities should have equal rights and access to the same opportunities as others."
11,0,"Discrimination against individuals with disabilities is illegal in many countries."
11,0,"Public buildings should be equipped with ramps and lifts to ensure accessibility."
11,0,"Support teachers can assist children with learning difficulties to succeed in education."
12,1,"Why Guns Should Be Legal"
12,0,"In some countries, individuals have the legal right to own firearms."
12,0,"People should have the ability to protect themselves and their families."
12,0,"Guns can be used in self-defence, which may deter criminal activity."
12,1,"Why Gun Ownership Should Be Illegal"
12,0,"Guns increase the risk of accidents and unintended harm."
12,0,"The availability of firearms is associated with higher rates of violent crime."
12,0,"Criminals may gain access to guns, forcing police to also carry firearms."
12,0,"Suicide rates tend to rise in societies where guns are easily accessible."
12,0,"Widespread gun ownership contributes to violent societies with elevated murder rates."
12,1,"Why Police Should Use Guns"
12,0,"Many criminals are armed, making firearms necessary for police to protect the public."
12,0,"The mere threat of a firearm can deter criminal actions."
12,0,"Guns enable police officers to subdue violent criminals more effectively."
12,0,"Armed police can respond to dangerous situations and prevent harm to others."
12,1,"Why Police Should Not Carry Guns"
12,0,"There is a risk of accidents or mistakes, such as shooting unarmed individuals."
12,0,"Firearms could cause unintended harm in crowded public areas."
12,0,"Non-lethal alternatives, such as tear gas or tasers, are sufficient in many situations."
12,0,"Only specialized police units should be authorized to carry guns for extreme cases."
12,1,"Arms Trade: Positives"
12,0,"The arms trade creates jobs and generates wealth for industrialized nations."
12,0,"It can strengthen diplomatic relationships between governments involved in trade."
12,1,"Arms Trade: Negatives"
12,0,"Weapons sold through the arms trade may be used in wars and conflicts, leading to loss of life."
12,0,"Governments may be accused of prioritizing profit over peace by promoting arms sales."
12,0,"The arms trade allows wealthy nations to influence the political affairs of other countries."
12,1,"Nuclear Weapons"
12,0,"Nuclear weapons have the capability to destroy entire cities and devastate nations."
12,0,"They serve as a deterrent, preventing large-scale wars between nations."
12,0,"However, a nuclear war would result in catastrophic consequences for all parties involved."
12,1,"Nuclear Weapons: Opinion"
12,0,"Nuclear weapons should be banned globally to ensure peace and safety."
12,0,"Governments should limit nuclear weapon production to reduce the risk of misuse."
12,0,"There is a significant danger of nuclear weapons falling into the hands of terrorists."
12,0,"Nuclear weapons are ineffective against non-state threats, such as terrorist organizations."
12,1,"Armed Forces: Positives"
12,0,"Armed forces provide national security and protection from external threats."
12,0,"They can maintain peace within countries and assist during emergencies, such as natural disasters."
12,1,"Armed Forces: Negatives"
12,0,"Military funding requires significant government expenditure, diverting resources from public services such as healthcare and education."
13,1,"Diet"
13,0,"A balanced diet is essential for maintaining good health."
13,0,"Poor eating habits can lead to health issues such as obesity, diabetes, and heart disease."
13,0,"The rise in fast food consumption has contributed to unhealthy diets worldwide."
13,1,"Exercise"
13,0,"Regular exercise is vital for maintaining physical and mental health."
13,0,"It helps to burn calories, strengthen muscles, and build healthy bones."
13,0,"Modern lifestyles are increasingly sedentary, with many people spending more time indoors."
13,1,"Governments’ Role in Obesity Prevention"
13,0,"Governments have a responsibility to address rising obesity rates, particularly in children."
13,0,"Policies could include promoting healthy eating, increasing sports in school curriculums, and banning unhealthy foods from school menus."
13,0,"Food packaging should include clear nutritional information to help consumers make informed choices."
13,1,"State Health Systems: Advantages"
13,0,"Universal healthcare ensures that everyone has access to medical treatment, regardless of income."
13,0,"Government-funded healthcare systems, such as the NHS in the UK, provide care that is free at the point of use."
13,0,"Private healthcare systems are often seen as inequitable, as they favor wealthier individuals."
13,1,"Private Healthcare: Advantages"
13,0,"Private hospitals typically have shorter waiting times for appointments and procedures."
13,0,"Patients benefit from faster and more personalized treatment."
13,0,"Private healthcare facilities often provide more comfortable accommodations, such as private rooms."
13,1,"Alternative Medicine: Positives"
13,0,"Alternative medicine, such as acupuncture and herbal remedies, is increasingly popular for treating various conditions."
13,0,"Many patients report positive experiences with non-traditional treatments."
13,0,"Some alternative therapies have been used successfully for centuries."
13,1,"Alternative Medicine: Negatives"
13,0,"Many alternative medicines lack scientific testing and evidence of effectiveness."
13,0,"They may provide no real health benefits and could potentially cause unknown side effects."
13,0,"People should trust the expertise of qualified doctors rather than relying on unproven remedies."
13,0,"Delaying proper medical treatment could allow illnesses to worsen."
13,1,"Stress"
13,0,"Modern lifestyles are becoming increasingly stressful due to long working hours and strict deadlines."
13,0,"Busy schedules often leave little time for relaxation or leisure activities."
13,0,"Unemployment and financial insecurity are significant sources of stress."
13,0,"Relationship problems and academic pressures, such as exams, can also contribute to stress."
13,1,"How to Reduce Stress"
13,0,"Regular exercise, a healthy diet, and sufficient sleep are critical for reducing stress."
13,0,"Taking holidays and avoiding excessive overtime can help maintain work-life balance."
13,0,"Schools are employing psychologists to provide emotional support to students."
14,1,"State / Council Housing"
14,0,"State housing supports individuals who cannot afford to buy their own homes."
14,0,"Critics argue that it may create dependency on the government and reduce incentives to work."
14,0,"Council housing is often constructed with low-quality materials, leading to maintenance issues."
14,1,"Old Buildings"
14,0,"Historic buildings represent a nation's heritage and should be preserved."
14,0,"They are often considered works of art and attract tourism."
14,0,"These structures provide insight into how people lived in the past and contribute to a city’s identity."
14,0,"Governments should fund the maintenance and repair of historic buildings while ensuring new developments complement them."
14,1,"Modern / Green Buildings"
14,0,"Modern buildings should prioritize environmental sustainability by using less energy and producing minimal waste."
14,0,"Features such as solar panels, wind power, and rainwater recycling can increase energy efficiency."
14,0,"Natural light can be maximized through modern glass designs, reducing the need for artificial lighting."
15,1,"English as an International Language"
15,0,"English is widely regarded as the global second language and dominates fields like technology, science, and business."
15,0,"International business meetings, textbooks, and journals are often conducted and published in English."
15,0,"Proficiency in English is becoming an essential skill in the modern world."
15,1,"Negatives of English as an International Language"
15,0,"The dominance of English may threaten the survival of other languages and their associated cultures."
15,0,"American culture, spread through English, could overshadow local traditions and values."
15,0,"An artificially created global language, free of cultural ties, could be developed to promote peace and equality, such as Esperanto."
16,1,"Money and Society"
16,0,"Modern society has become highly materialistic, equating wealth and possessions with success and happiness."
16,0,"Status symbols, such as luxury brands, contribute to this mindset."
16,0,"Advertising fuels consumerism by creating new desires and encouraging people to buy the latest products."
16,1,"Positives of Consumerism"
16,0,"Consumerism drives economic growth by creating jobs and reducing poverty."
16,0,"It fosters innovation and creativity in business, contributing to a higher quality of life."
16,1,"Negatives of Consumerism"
16,0,"Consumerism leads to increased waste and the depletion of natural resources, harming the environment."
16,0,"It perpetuates a ""throw-away"" culture and promotes materialism, which may lead to greed, crime, and dissatisfaction."
16,0,"Traditional values, such as sharing and sustainability, should be emphasized over excessive consumption."
17,1,"Happiness"
17,0,"Happiness is subjective and varies from person to person."
17,0,"Many people find happiness in spending time with family and friends or pursuing hobbies."
17,0,"While some associate happiness with wealth, others believe it comes from living a meaningful life."
17,0,"Personal achievements, raising children, or having a sense of purpose through religion or work can also bring happiness."
17,1,"Success"
17,0,"Success is defined differently by individuals; for some, it is wealth and status, while for others, it is personal fulfillment."
17,0,"Achieving professional goals or raising a family can also be considered forms of success."
17,0,"Success often requires hard work, long-term planning, and perseverance."
17,1,"Nature or Nurture"
17,0,"Some argue that genetics play a dominant role in shaping our personalities and abilities."
17,0,"Others believe that education, upbringing, and environmental influences are more significant."
17,0,"Many suggest that individuals have the power to shape their personalities and achievements through determination and effort."
17,0,"Numerous examples of ""self-made"" individuals demonstrate that success is not solely determined by nature or nurture."
18,1,"Arguments against Professional/Competitive Sport"
18,0,"Professional sports have become commercialized and primarily focus on financial gain."
18,0,"Many sports stars are motivated by money and fame rather than passion for the sport."
18,0,"The pressure to win at any cost leads some athletes to use performance-enhancing drugs."
18,0,"Athletes in professional sports can be selfish or display poor sportsmanship, setting bad examples for children."
18,0,"Sports should remain amateur and be practiced for enjoyment and health benefits rather than profit."
18,0,"Emphasis should be placed on participation rather than winning."
18,1,"Arguments for Professional Sport"
18,0,"Professional sports operate like any other business and provide employment opportunities."
18,0,"Talented individuals should be able to earn a living by utilizing their skills."
18,0,"Sports stars entertain millions of people and inspire fans worldwide."
18,0,"Revenue from professional sports helps improve facilities and train athletes."
18,0,"The standard of professional sports is significantly higher than that of amateur sports."
18,1,"Arguments for Competitive Sport"
18,0,"Competition is a natural human instinct and reflects real-life situations, such as job and academic rivalry."
18,0,"Sports provide a safe and structured outlet for competitive instincts."
18,0,"Healthy competition encourages individuals to strive for their best performance."
18,0,"Sports allow competitors and fans to release energy and aggression in a controlled setting."
18,0,"Supporting a team fosters a sense of belonging and community."
18,1,"Opinion: Professional Sport Salaries Are Too High"
18,0,"Sports professionals earn excessively high salaries despite not providing essential services."
18,0,"For example, football players earn vast sums for activities like playing matches, which are not vital to society."
18,0,"Professions such as doctors, teachers, and engineers, which are crucial for society, are undervalued in comparison."
18,0,"Sports salaries should be aligned with the average wages of other professions."
18,1,"Opinion: Professional Sport Salaries Are Fair"
18,0,"Sports stars’ high earnings are justified because sport is a multi-billion-dollar industry."
18,0,"Millions of fans pay to watch games and buy merchandise, generating significant revenue."
18,0,"Athletes dedicate years to perfecting their skills and fitness, often with short careers spanning only a decade."
18,0,"Fans willingly pay to support their teams, making high salaries a fair reflection of their value."
18,1,"Sport and Politics"
18,0,"Some believe that sport and politics should remain separate; however, governments often play a role in hosting major events like the Olympics."
18,0,"Such events create jobs, attract investment, and serve as advertisements for the host nation."
18,0,"Hosting events like the Olympics brings tourists and sports fans, boosting the economy."
18,0,"Wealthy nations dominate event hosting, but developing countries should also be given opportunities."
19,1,"Positives of Television"
19,0,"Television is a popular form of relaxation and entertainment."
19,0,"It provides access to a wide variety of content, including comedy, music, and drama."
19,0,"Educational programs, documentaries, and news coverage keep viewers informed about global events."
19,0,"Television makes learning more engaging and accessible."
19,1,"Negatives of Television"
19,0,"Exposure to violence on television can negatively influence behavior and increase crime rates."
19,0,"Children may imitate inappropriate behavior seen on TV and become less active due to excessive screen time."
19,0,"Advertisers often target children, encouraging unhealthy consumption habits."
19,0,"Much of the content on television is superficial and does not require critical thinking."
19,1,"Opinions about Television"
19,0,"Television has numerous benefits but can become addictive."
19,0,"Parents should monitor and control what their children watch to prevent exposure to harmful content."
19,0,"Violence, swearing, and inappropriate images should not be shown to children."
19,0,"TV companies should prioritize creating educational and positive programs, especially for younger audiences."
19,1,"Positives of the Internet"
19,0,"The Internet provides instant access to a vast amount of information on almost any topic."
19,0,"Online shopping allows people to purchase goods and services conveniently from home."
19,0,"The Internet has revolutionized communication through email, instant messaging, and video calls."
19,0,"It offers new forms of entertainment and has become essential for business operations."
19,1,"Negatives of the Internet"
19,0,"Offensive and inappropriate content is readily available online, making it difficult for parents to monitor children’s activity."
19,0,"The anonymity of the Internet allows criminals to exploit users, commit fraud, and steal personal information."
19,0,"The overwhelming number of websites makes it challenging to find reliable and accurate information."
19,1,"Internet Compared to Newspapers and Books"
19,0,"The Internet offers free and instant access to news and books in multiple languages and formats."
19,0,"It allows amateur writers to publish their work, though professional journalists and authors produce higher-quality content."
19,0,"Many people prefer physical newspapers and books because they are portable and more pleasant to read than screens."
19,1,"Positives of Mobile Phones"
19,0,"Mobile phones are among the most popular and widely used gadgets in the world."
19,0,"They have revolutionized communication, allowing people to stay connected anytime and anywhere."
19,0,"Users can send messages, browse the internet, take photos, and listen to music."
19,0,"Mobile phones have also become fashion accessories, reflecting personal style."
19,1,"Negatives of Mobile Phones"
19,0,"Mobile phones can cause disturbances in public places like cinemas and classrooms."
19,0,"Some users fail to recognize that their conversations can disrupt others."
19,0,"They may interfere with electronic equipment and potentially harm brain health."
19,0,"Using mobile phones while driving is a dangerous distraction that reduces concentration."
19,0,"Phones are a common target for theft, making users more vulnerable."
19,1,"Opinion about Mobile Phones"
19,0,"The benefits of mobile phones outweigh their drawbacks, but they must be used responsibly."
20,1,"Positives of Tourism"
20,0,"Tourism is a popular leisure activity that allows people to relax, have fun, and experience different cultures."
20,0,"It promotes cultural exchange and broadens people’s minds by exposing them to new languages and traditions."
20,0,"The tourist industry is vital for many economies, creating jobs in sectors like transport, accommodation, and entertainment."
20,0,"Tourism attracts foreign investment, improves local infrastructure, and raises the standard of living in many areas."
20,1,"Negative Effects of Tourism"
20,0,"Tourism can harm the environment by destroying wildlife habitats and increasing pollution and waste."
20,0,"The construction of hotels and infrastructure can damage natural landscapes, such as beaches."
20,0,"Pressure on local resources and rising costs of living can negatively affect local residents."
20,0,"Local traditions and cultures may be diluted or lost due to the influence of tourism."
20,1,"The Future of Tourism"
20,0,"Governments should enforce laws to protect the natural environment and preserve cultural heritage."
20,0,"Sustainable tourism practices, such as using renewable energy and recycling waste, should be encouraged."
20,0,"Supporting local businesses and communities can help tourism remain beneficial and low-impact."
21,1,"Losing Traditional Skills"
21,0,"Industrialization and global trade have led to the disappearance of many traditional skills."
21,0,"Factories and machinery have replaced skilled human labor, making production faster but less fulfilling."
21,0,"Mass production has made goods cheaper but has led to uniformity, such as in clothing styles."
21,0,"Traditional craftsmanship, which once created iconic historic buildings and handmade goods, is rapidly declining."
21,1,"Traditional Customs"
21,0,"Traditional customs remain significant during weddings and religious festivals, where people wear traditional clothing and prepare special foods."
21,0,"Preserving customs helps maintain cultural identity and diversity."
21,0,"Festivals, traditional skills, and historic sites should be celebrated and protected to keep traditions alive."
22,1,"Traffic Problems"
22,0,"Traffic congestion is caused by commuters traveling at the same time, often alone, from suburban areas into city centers."
22,0,"Inefficient use of road space and vehicles leads to rush-hour traffic jams."
22,1,"Traffic Solutions"
22,0,"Flexible working schedules and remote work using the internet can reduce congestion."
22,0,"Carpooling and shared commuting can make better use of vehicles."
22,0,"Governments can introduce taxes, such as congestion charges, to discourage driving in crowded areas."
22,0,"Reliable and efficient public transport systems are essential for reducing traffic problems."
22,1,"Negatives of Public Transport"
22,0,"Public transport is often slow, unreliable, and overcrowded, making it an unattractive alternative to cars."
22,0,"Many commuters feel uncomfortable in dirty or packed vehicles, preferring the comfort of private cars."
22,1,"Road Safety"
22,0,"Driving while tired, drunk, or distracted (e.g., by mobile phones) is extremely dangerous."
22,0,"Many countries have banned the use of phones while driving and imposed stricter penalties."
22,0,"Speed cameras, speed bumps, and traffic calming measures are used to improve road safety."
22,0,"Public awareness campaigns remind drivers to follow road safety rules."
22,1,"Importance of Clean Water"
22,0,"Clean water is vital for human survival and public health."
22,0,"Poor water quality is a leading cause of disease and death in developing countries."
22,0,"Treating water is essential to make it safe for drinking."
22,0,"Developed countries generally have better sanitation systems, providing citizens with clean and safe tap water."
22,0,"Improving access to clean water in developing nations would significantly enhance public health."
23,1,"Water Supply"
23,0,"Urban life depends on water supply systems, which are large-scale engineering projects."
23,0,"These systems require careful planning, construction, and maintenance by skilled professionals."
23,0,"Water scarcity is a growing concern, especially in drought-prone areas where water may need to be imported."
23,0,"Population growth increases pressure on water supplies, potentially leading to a global water crisis."
23,1,"Water and Politics"
23,0,"Water supply is a significant political issue due to its importance for agriculture and industry."
23,0,"Irrigation for crops accounts for a large portion of water usage."
23,0,"A water crisis could escalate into political conflicts or wars over access to this essential resource."
23,1,"Argument: Water Should Be Free"
23,0,"Some believe water is a basic human right and should be provided at no cost."
23,0,"Governments could use tax revenue to fund water supply systems, ensuring universal access."
23,0,"Privatizing water supply might lead to profiteering from a natural resource."
23,1,"Argument: Water Should Not Be Free"
23,0,"Free water can lead to overuse and waste, as people may not value it as a limited resource."
23,0,"Charging for water encourages individuals to use it more responsibly."
23,0,"Water supply systems require substantial investment for maintenance and improvement."
23,0,"Private companies, motivated by profit, may provide more efficient and reliable services, such as repairing leaks to reduce losses."
23,1,"Bottled Water: Opinions"
23,0,"Some people prefer bottled water for its perceived health benefits and taste."
23,0,"However, critics argue that bottled water contributes to plastic waste and environmental damage."
23,0,"There is little evidence that bottled water is superior to tap water in quality."
23,0,"Selling water for profit is considered unethical by many, as water is a fundamental resource."
24,1,"The Benefits of Staying in the Same Job for Life"
24,0,"Stable employment provides financial security, including pensions and health insurance."
24,0,"Employees gain loyalty and trust from their employers, often resulting in promotions and salary increases."
24,0,"Long-term employees contribute to team stability and can take on greater responsibilities."
24,0,"A clear career path within one organization allows for steady personal and professional development."
24,1,"The Benefits of Not Staying in the Same Job"
24,0,"Changing jobs can lead to career advancement, higher salaries, and new opportunities."
24,0,"Workers gain diverse experiences and skills by moving between different roles and industries."
24,0,"Job changes can be stimulating and challenging, keeping work interesting."
24,0,"In a fast-changing world, flexibility and adaptability are essential for career success."
24,1,"Self-Employment"
24,0,"Modern technology, such as the internet, has made it easier to establish businesses and access global markets."
24,0,"Self-employment offers greater freedom and control over one’s work."
24,0,"However, it lacks stability, as businesses may fail to generate profit."
24,0,"Benefits like pensions, sick pay, and holiday pay are not guaranteed in self-employment, and the workload can be demanding."
24,1,"Unemployment"
24,0,"Unemployment has serious consequences for individuals, communities, and society."
24,0,"Joblessness can lead to homelessness, stress, and frustration, and may push individuals toward crime."
24,0,"Vocational training and career guidance are essential to help unemployed individuals re-enter the workforce."
24,1,"Unemployment Benefits: Positives"
24,0,"Unemployment benefits provide financial support, enabling people to pay for housing and basic needs."
24,0,"They help reduce poverty, homelessness, and crime during periods of joblessness."
24,1,"Unemployment Benefits: Negatives"
24,0,"Some individuals may rely on benefits instead of seeking employment, leading to dependency on the government."
24,0,"This system places a financial burden on taxpayers and reduces motivation to work."
24,0,"Dependence on benefits can harm self-esteem and personal growth."
24,1,"Work/Life Balance"
24,0,"Achieving a balance between work and personal life is important for mental and physical health."
24,0,"Overworking can lead to stress, neglected family relationships, and poor well-being."
24,0,"Companies should support employees with flexible hours, childcare facilities, and regular holidays."
24,0,"A good work/life balance increases job satisfaction and productivity."
24,1,"Technology and Work"
24,0,"Advances in technology, such as email and video conferencing, have transformed the workplace."
24,0,"Workers can collaborate across countries and save time and money by working remotely."
24,0,"Some predict that traditional office spaces may eventually be replaced by virtual workplaces."
24,1,"Child Labour"
24,0,"In some countries, children are exploited for low-paying, repetitive jobs in agriculture and factories."
24,0,"Child labour deprives children of their right to education and a childhood."
24,0,"Governments should prioritize education by building schools and providing resources to prepare children for adult life."